{"cameraMode":{"drawMode":0,"name":"Shaded","section":"Shading Mode"},"sceneLighting":false,"audioPlay":false,"sceneViewState":{"m_AlwaysRefresh":false,"showFog":true,"showSkybox":false,"showFlares":true,"showImageEffects":true,"showParticleSystems":true,"showVisualEffectGraphs":true,"m_FxEnabled":true},"in2DMode":false,"pivot":{"x":-9.801482200622559,"y":1.2709999084472657,"z":2.3970000743865969},"rotation":{"x":-0.15140129625797273,"y":-0.18829810619354249,"z":0.029250523075461389,"w":-0.9699944257736206},"size":0.7169700264930725,"orthographic":false}