{"cameraMode":{"drawMode":0,"name":"Shaded","section":"Shading Mode"},"sceneLighting":true,"audioPlay":false,"sceneViewState":{"m_AlwaysRefresh":false,"showFog":true,"showSkybox":true,"showFlares":true,"showImageEffects":true,"showParticleSystems":true,"showVisualEffectGraphs":true,"m_FxEnabled":true},"in2DMode":false,"pivot":{"x":15.33877182006836,"y":22.724594116210939,"z":-27.049823760986329},"rotation":{"x":0.2095629870891571,"y":-0.20476806163787843,"z":0.04492796212434769,"w":0.9550624489784241},"size":10.449999809265137,"orthographic":false}