{"cameraMode":{"drawMode":0,"name":"Shaded","section":"Shading Mode"},"sceneLighting":false,"audioPlay":false,"sceneViewState":{"m_AlwaysRefresh":false,"showFog":true,"showSkybox":false,"showFlares":true,"showImageEffects":true,"showParticleSystems":true,"showVisualEffectGraphs":true,"m_FxEnabled":true},"in2DMode":false,"pivot":{"x":3.6999998092651369,"y":2.200000047683716,"z":11.890000343322754},"rotation":{"x":-0.13757774233818055,"y":0.06410262733697891,"z":-0.009077886119484902,"w":-0.9884322285652161},"size":3.570714235305786,"orthographic":false}